{
  "key_metrics": {
    "improvement_rate": 51.33,
    "absolute_improvement": 3697,
    "scenario1_total": 7202.415741281901,
    "scenario2_total": 10899.4157412819
  },
  "yearly_revenues": {
    "years": [
      2024,
      2025,
      2026,
      2027,
      2028,
      2029,
      2030
    ],
    "scenario1": [
      1028.916534468843,
      1039.2056998135315,
      1049.49486515822,
      1059.7840305029085,
      1070.073195847597,
      1080.3623611922853,
      1090.6515265369737
    ],
    "scenario2": [
      1530.6522487545574,
      1556.6272569563887,
      1582.8135223010768,
      1609.2110447886228,
      1635.8198244190255,
      1662.6398611922855,
      1689.6711551084022
    ]
  },
  "crop_type_contributions": {
    "scenario1": {
      "粮食类": 2520.8455094486653,
      "蔬菜类": 2880.966296512761,
      "食用菌": 1800.6039353204753
    },
    "scenario2": {
      "粮食类": 3051.8364075589325,
      "蔬菜类": 4904.737083576855,
      "食用菌": 2942.842250146113
    }
  },
  "cost_revenue_structure": {
    "scenario1": {
      "total_revenue": 13095.301347785275,
      "total_cost": 5892.885606503373,
      "net_profit": 7202.415741281901
    },
    "scenario2": {
      "total_revenue": 19817.119529603453,
      "total_cost": 5892.885606503373,
      "net_profit": 10899.4157412819
    }
  },
  "waterfall_breakdown": {
    "base_revenue": 7202.415741281901,
    "normal_sales_improvement": 2218.2,
    "discount_sales_improvement": 1478.8000000000002,
    "total_revenue": 10899.4157412819
  }
}