{
  "dp_time": 0.08693000000039319,
  "ip_time": 0.16438540000035573,
  "greedy_time": 0.0026866000007430557,
  "violation_counts": {
    "重茬约束": 200,
    "豆类轮作": 70,
    "最小面积": 0,
    "其他": 0
  }
}