lambda,expected_profit,profit_std,var_5,cvar_5,tail_risk
0.6,130240538.4688101,2090411.9986435329,126818872.28788999,126011193.86507823,4229344.603731871
0.75,130224273.63193202,2087999.2505826524,126815137.77445479,126000194.88668603,4224078.745245993
0.9,130235773.81127664,2087350.0009874413,126829776.11424263,126013369.59020881,4222404.221067831
