seed,expected_profit,profit_std,var_5,cvar_5,overproduction_ratio
42,131024087.89336829,2401701.9080707375,127028599.23717965,126200802.8239866,0.6469573041649153
123,130569796.36787061,2177080.3106657355,126881128.79619636,126116041.24348642,0.6513163838714398
2024,131969516.24346174,2333050.56844683,128213313.74357633,127388592.94713663,0.6482353528676439
