方案,期望收益,标准差,VaR5%,CVaR5%
问题2,130925176.15696783,2134766.075004134,127268370.99801274,126611056.6927694
问题3,127867327.76110303,2350391.5848371373,124027295.81983954,123159759.8442686
