M,solve_time_sec,expected_profit,profit_std,var_5,cvar_5
2,12.1,115283644.13250183,2188765.070359801,111785648.71595328,110931103.02047707
4,19.42,115480281.71542083,2220496.988277146,111841346.83304499,110994973.93883799
20,25.81,115029648.80128714,2210419.1215692675,111420362.97051188,110563803.17102577
