config,E_profit,CVaR5,OverProdRatio,p_value_vs_baseline
baseline,130702060.51133785,126462732.58068854,0.6476734463074102,1.0
copula_only,131024087.89336829,126200802.8239866,0.6469573041649153,0.001405041451938117
delta_only,129375443.65332593,125146064.13888803,0.6451974636050789,1.609977598077055e-45
both,129440910.35514629,124625111.56938003,0.6421855135406124,5.8257674192850036e-36
