pair,target_spearman,fitted_spearman,abs_error
P-D,-0.4,-0.4005399126408359,0.0005399126408358601
D-C,0.15,0.15007779841457203,7.77984145720334e-05
P-C,0.1,0.10183029081930331,0.001830290819303304
